Date,Weekday,Customer_Count,Marketing_Budget,Marketing_Spend,Customer_Quotes,Customer_Contacts,Forecasted_Contacts,Average_Handling_Time,Notes
2023-05-19,Friday,19932,5762.92,5496.71,2511,885,797,542,ERR_AZ2yEkVtJ112qSkDIOLv
2023-05-20,Saturday,19991,5104.51,4861.74,2511,885,800,547,System_OK
2023-05-21,Sunday,19931,5930.25,5647.69,2702,885,797,615,System_OK
2023-05-22,Monday,19984,6853.91,6523.03,2412,885,799,572,System_OK
2023-05-23,Tuesday,19831,4990.47,4765.85,2794,885,793,562,System_OK
2023-05-24,Wednesday,20046,5010.09,4765.86,3129,977,802,661,ERR_ppuz4Js5qSzv253BaRJQ
2023-05-25,Thursday,20030,6881.13,6579.21,2451,937,801,663,System_OK
2023-05-26,Friday,19953,6049.51,5767.43,2438,991,798,706,System_OK
2023-05-27,Saturday,20106,4752.17,4530.53,3184,1087,804,604,System_OK
2023-05-28,Sunday,20139,5826.02,5542.56,2780,936,806,518,System_OK
2023-05-29,Monday,19889,4763.64,4536.58,2378,932,796,568,System_OK
2023-05-30,Tuesday,19979,4746.92,4534.27,2727,1097,799,745,System_OK
2023-05-31,Wednesday,19983,5494.21,5241.96,2418,990,799,649,System_OK
2023-06-01,Thursday,19971,3243.05,3086.72,2279,908,799,677,System_OK
2023-06-02,Friday,20153,3438.05,3275.08,2684,990,806,502,System_OK
2023-06-03,Saturday,20056,4653.81,4437.71,1745,942,802,630,ERR_Pm4qMxcDZmsgisS1Nvr8
2023-06-04,Sunday,20054,4181.72,3987.17,1777,889,802,509,System_OK
2023-06-05,Monday,19885,5586.92,5314.25,2251,953,795,642,System_OK
2023-06-06,Tuesday,20154,4291.39,4091.98,2079,794,806,730,System_OK
2023-06-07,Wednesday,19971,3766.2,3587.7,2647,807,799,742,ERR_pkG9gE8V9TUnB0Qpsq6z
2023-06-08,Thursday,20106,6810.63,6465.65,2163,910,804,635,System_OK
2023-06-09,Friday,20133,4998.69,4774.22,1906,860,805,615,System_OK
2023-06-10,Saturday,20246,5302.38,5067.53,3085,976,810,736,ERR_Elw119eQJ6Jc5x24qMzd
2023-06-11,Sunday,19984,3761.85,3575.25,2517,889,799,668,System_OK
2023-06-12,Monday,19818,4671.61,4455.62,2613,804,793,516,System_OK
2023-06-13,Tuesday,20143,5363.29,5110.92,1952,1061,806,616,System_OK
2023-06-14,Wednesday,20310,4033.65,3849.01,2284,956,812,560,System_OK
2023-06-15,Thursday,20259,5641.88,5375.7,2550,977,810,617,System_OK
2023-06-16,Friday,20161,4635.32,4399.36,2070,833,806,614,System_OK
2023-06-17,Saturday,20096,4951.74,4708.31,2599,903,804,646,System_OK
2023-06-18,Sunday,20231,4626.83,4398.29,2247,934,809,589,ERR_jNoed5B0ZY0doqRcjUP3
2023-06-19,Monday,20058,7180.73,6852.28,2300,852,802,541,System_OK
2023-06-20,Tuesday,20208,5224.32,4986.5,2279,972,808,626,System_OK
2023-06-21,Wednesday,20216,4111.01,3942.29,3273,887,809,708,System_OK
2023-06-22,Thursday,20276,6105.58,5822.54,2470,909,811,666,System_OK
2023-06-23,Friday,20451,3977.68,3779.16,2156,912,818,585,System_OK
2023-06-24,Saturday,20219,5474.48,5208.86,2768,1098,809,734,System_OK
2023-06-25,Sunday,20134,3190.13,3040.33,1938,941,805,728,System_OK
2023-06-26,Monday,20187,3855.18,3671.81,2595,868,807,552,System_OK
2023-06-27,Tuesday,20018,5449.81,5196.86,1768,994,801,510,ERR_J8C5zdWnXAGvVcwuOwdu
2023-06-28,Wednesday,20131,6027.44,5738.47,2053,838,805,685,System_OK
2023-06-29,Thursday,20164,5437.6,5171.37,2556,966,807,707,System_OK
2023-06-30,Friday,20158,5112.41,4884.35,2849,793,806,742,System_OK
2023-07-01,Saturday,20230,4936.84,4698.9,2567,859,809,722,System_OK
2023-07-02,Sunday,20138,3706.87,3521.48,2445,962,806,650,System_OK
2023-07-03,Monday,20337,4490.01,4280.16,2424,997,813,633,System_OK
2023-07-04,Tuesday,20230,4773.34,4539.36,1941,970,809,507,ERR_27caZ81sTWvnW46nRpGm
2023-07-05,Wednesday,20234,6388.13,6057.12,2133,931,809,562,System_OK
2023-07-06,Thursday,20207,5609.76,5343.62,2390,933,808,615,System_OK
2023-07-07,Friday,20261,3402.74,3236.96,2992,845,810,657,System_OK
2023-07-08,Saturday,20333,5582.91,5324.08,2606,859,813,639,System_OK
2023-07-09,Sunday,20168,4847.47,4614.92,1815,914,807,686,System_OK
2023-07-10,Monday,20194,4543.83,4323.08,2654,1039,808,570,System_OK
2023-07-11,Tuesday,20235,5894.21,5611.68,2359,957,809,641,System_OK
2023-07-12,Wednesday,20135,6322.35,6031.0,2202,822,805,522,ERR_VTGmZjxjOEmc6XZHWBsw
2023-07-13,Thursday,20193,6229.9,5931.28,2711,965,808,603,System_OK
2023-07-14,Friday,20232,4383.44,4160.78,2911,910,809,688,System_OK
2023-07-15,Saturday,20372,4929.82,4690.79,2931,888,815,673,System_OK
2023-07-16,Sunday,20316,5607.45,5331.26,2191,975,813,748,System_OK
2023-07-17,Monday,20314,6271.95,5975.55,2358,1023,813,569,System_OK
2023-07-18,Tuesday,20385,4754.37,4520.83,2671,1035,815,625,System_OK
2023-07-19,Wednesday,20291,5057.85,4814.34,2748,878,812,582,System_OK
2023-07-20,Thursday,20349,4078.84,3893.67,2366,915,814,610,System_OK
2023-07-21,Friday,20305,3997.17,3803.79,2339,972,812,714,System_OK
2023-07-22,Saturday,20347,6093.23,5812.53,2039,978,814,671,System_OK
2023-07-23,Sunday,20267,6667.72,6356.24,1966,919,811,721,System_OK
2023-07-24,Monday,20086,5176.28,4927.99,2760,924,803,551,System_OK
2023-07-25,Tuesday,20322,6306.68,6003.53,3101,851,813,718,System_OK
2023-07-26,Wednesday,20482,5617.83,5361.64,2448,841,819,515,System_OK
2023-07-27,Thursday,20438,4583.16,4354.88,2919,1004,818,722,System_OK
2023-07-28,Friday,20447,5635.19,5361.4,2642,1052,818,582,System_OK
2023-07-29,Saturday,20479,6857.89,6538.04,2266,952,819,579,System_OK
2023-07-30,Sunday,20369,5197.0,4964.17,2648,1028,815,628,System_OK
2023-07-31,Monday,20385,6891.43,6564.64,3051,988,815,735,System_OK
2023-08-01,Tuesday,20308,2494.81,2380.25,2535,887,812,512,System_OK
2023-08-02,Wednesday,20343,6114.13,5821.9,3101,989,814,588,System_OK
2023-08-03,Thursday,20442,5337.77,5087.05,1374,1061,818,714,System_OK
2023-08-04,Friday,20505,4915.97,4700.99,2807,957,820,599,System_OK
2023-08-05,Saturday,20376,5342.47,5091.76,2610,1064,815,550,System_OK
2023-08-06,Sunday,20350,3159.99,3012.43,2423,713,814,606,System_OK
2023-08-07,Monday,20400,5025.68,4780.33,2519,1015,816,596,System_OK
2023-08-08,Tuesday,20465,5617.99,5357.11,1688,966,819,729,System_OK
2023-08-09,Wednesday,20266,6818.58,6477.89,2396,904,811,690,System_OK
2023-08-10,Thursday,20185,4686.7,4481.73,2747,930,807,626,System_OK
2023-08-11,Friday,20365,4414.19,4191.51,3110,776,815,747,System_OK
2023-08-12,Saturday,20303,4720.92,4498.24,2314,921,812,616,System_OK
2023-08-13,Sunday,20379,6219.77,5915.4,2228,989,815,515,System_OK
2023-08-14,Monday,20420,5595.99,5328.75,2311,1075,817,566,System_OK
2023-08-15,Tuesday,20395,4705.15,4470.24,2853,883,816,609,System_OK
2023-08-16,Wednesday,20590,5785.06,5513.27,2622,891,824,539,System_OK
2023-08-17,Thursday,20483,5340.94,5097.08,2285,885,819,737,System_OK
2023-08-18,Friday,20485,6281.29,5968.64,2703,1019,819,692,System_OK
2023-08-19,Saturday,20522,4511.71,4297.95,2575,965,821,567,System_OK
2023-08-20,Sunday,20351,4908.17,4672.34,2890,899,814,648,System_OK
2023-08-21,Monday,20574,4850.64,4607.89,2256,974,823,680,System_OK
2023-08-22,Tuesday,20467,3702.99,3536.49,2365,968,819,735,System_OK
2023-08-23,Wednesday,20547,5566.88,5296.12,2347,1030,822,720,System_OK
2023-08-24,Thursday,20378,5518.21,5261.06,1815,895,815,629,System_OK
2023-08-25,Friday,20335,5254.05,5005.11,2664,908,813,694,System_OK
2023-08-26,Saturday,20577,5004.4,4765.41,2622,916,823,641,System_OK
2023-08-27,Sunday,20538,3748.86,3584.63,2552,796,822,638,System_OK
2023-08-28,Monday,20415,4800.53,4579.35,2261,979,817,529,System_OK
2023-08-29,Tuesday,20423,4903.66,4657.29,2038,978,817,532,System_OK
2023-08-30,Wednesday,20628,4416.47,4197.72,2325,962,825,632,System_OK
2023-08-31,Thursday,20401,5080.02,4838.71,2418,882,816,567,System_OK
2023-09-01,Friday,20689,5676.68,5404.05,2127,853,828,505,System_OK
2023-09-02,Saturday,20440,7227.56,6886.19,2466,889,818,681,System_OK
2023-09-03,Sunday,20599,5446.88,5174.58,2609,929,824,508,ERR_thPKiyyGbsTtPOPCfq7y
2023-09-04,Monday,20507,5518.43,5257.55,3223,868,820,649,System_OK
2023-09-05,Tuesday,20605,5174.15,4925.55,2666,914,824,635,System_OK
2023-09-06,Wednesday,20496,3246.75,3081.23,2593,948,820,742,System_OK
2023-09-07,Thursday,20539,5214.39,4973.49,2481,1080,822,621,System_OK
2023-09-08,Friday,20564,5328.83,5060.23,1776,968,823,516,System_OK
2023-09-09,Saturday,20465,7821.1,7463.24,2514,943,819,638,System_OK
2023-09-10,Sunday,20644,5064.32,4807.64,2532,939,826,710,System_OK
2023-09-11,Monday,20524,5562.89,5301.55,3504,795,821,749,System_OK
2023-09-12,Tuesday,20557,5211.12,4965.29,2543,938,822,608,System_OK
2023-09-13,Wednesday,20486,4003.99,3831.32,2618,935,819,580,System_OK
2023-09-14,Thursday,20334,6445.41,6142.82,2496,1144,813,727,System_OK
2023-09-15,Friday,20576,6029.13,5751.93,2085,962,823,548,System_OK
2023-09-16,Saturday,20841,6074.5,5791.03,3012,961,834,654,System_OK
2023-09-17,Sunday,20683,4293.77,4090.61,2860,932,827,601,System_OK
2023-09-18,Monday,20608,6732.51,6402.79,2848,859,824,510,System_OK
2023-09-19,Tuesday,20589,3780.14,3598.15,2079,1035,824,587,System_OK
2023-09-20,Wednesday,20622,5869.28,5586.86,3143,1008,825,566,System_OK
2023-09-21,Thursday,20680,7539.02,7190.46,1882,1015,827,672,System_OK
2023-09-22,Friday,20512,4201.13,4009.46,2750,831,820,737,System_OK
2023-09-23,Saturday,20746,4673.38,4433.7,3338,1080,830,567,System_OK
2023-09-24,Sunday,20712,5347.28,5099.65,2101,815,828,703,ERR_L7vHsZt3nGjp9dAB8Qp6
2023-09-25,Monday,20717,4737.91,4496.52,2290,983,829,514,System_OK
2023-09-26,Tuesday,20694,3619.37,3449.34,2556,1104,828,635,System_OK
2023-09-27,Wednesday,20657,5322.01,5068.56,2320,856,826,518,System_OK
2023-09-28,Thursday,20727,4145.28,3937.7,1960,878,829,734,ERR_iAqR4Shpr86GalfO2e6p
2023-09-29,Friday,20724,5759.99,5473.59,2550,963,829,692,System_OK
2023-09-30,Saturday,20635,4283.49,4080.58,2063,899,825,664,System_OK
2023-10-01,Sunday,20618,6873.55,6549.93,2738,831,825,706,System_OK
2023-10-02,Monday,20690,4427.02,4216.75,2192,955,828,662,System_OK
2023-10-03,Tuesday,20840,4915.22,4677.94,3059,841,834,742,ERR_y5e2NsrX0EGUr84MppUL
2023-10-04,Wednesday,20566,6113.1,5813.52,2217,985,823,678,System_OK
2023-10-05,Thursday,20548,3957.63,3769.14,2406,868,822,731,System_OK
2023-10-06,Friday,20716,5495.02,5227.46,2811,1056,829,629,System_OK
2023-10-07,Saturday,20710,6638.88,6307.14,2076,857,828,529,System_OK
2023-10-08,Sunday,20727,3565.95,3392.52,2583,915,829,632,System_OK
2023-10-09,Monday,20739,5446.99,5184.63,3029,991,830,532,System_OK
2023-10-10,Tuesday,20698,5507.69,5259.88,1848,854,828,648,ERR_CplqKAymh3elOcIG4vX3
2023-10-11,Wednesday,20874,6044.6,5781.82,2575,959,835,621,System_OK
2023-10-12,Thursday,20570,3955.08,3763.05,2549,1030,823,656,System_OK
2023-10-13,Friday,20652,3862.57,3679.54,2741,795,826,503,System_OK
2023-10-14,Saturday,20730,5792.89,5521.94,2085,948,829,549,System_OK
2023-10-15,Sunday,20581,5564.27,5296.98,1929,932,823,623,System_OK
2023-10-16,Monday,20732,5512.42,5250.49,2659,990,829,738,System_OK
2023-10-17,Tuesday,20921,5625.05,5346.45,2511,850,837,596,System_OK
2023-10-18,Wednesday,20762,4536.83,4319.98,2568,791,830,606,System_OK
2023-10-19,Thursday,20788,5486.4,5232.25,2572,962,832,679,System_OK
2023-10-20,Friday,20644,5567.63,5293.07,2310,923,826,651,ERR_DXS8wA1jympOH2K8vqw1
2023-10-21,Saturday,20713,4497.76,4285.65,2643,929,829,575,System_OK
2023-10-22,Sunday,20742,7214.33,6865.77,2583,935,830,603,System_OK
2023-10-23,Monday,20753,5742.75,5473.83,2327,896,830,554,System_OK
2023-10-24,Tuesday,20918,3992.63,3808.7,3295,977,837,742,ERR_06vQmh6aqld0mE8O69gw
2023-10-25,Wednesday,20851,5940.22,5656.55,2673,954,834,533,System_OK
2023-10-26,Thursday,20689,4226.71,4025.32,1899,890,828,593,System_OK
2023-10-27,Friday,20830,6081.24,5787.08,2877,1097,833,506,System_OK
2023-10-28,Saturday,20860,6463.84,6158.6,2041,963,834,555,System_OK
2023-10-29,Sunday,20929,4369.92,4179.32,2733,807,837,695,System_OK
2023-10-30,Monday,20978,6257.21,5963.38,3015,999,839,550,System_OK
2023-10-31,Tuesday,20723,5691.36,5412.78,2294,821,829,520,System_OK
2023-11-01,Wednesday,20749,6110.19,5822.06,2955,973,830,619,System_OK
2023-11-02,Thursday,20709,7239.17,6896.79,2693,1034,828,502,System_OK
2023-11-03,Friday,20817,5002.2,4754.61,2859,889,833,521,System_OK
2023-11-04,Saturday,20892,4451.46,4246.26,3301,1019,836,702,System_OK
2023-11-05,Sunday,20949,4300.58,4110.49,2440,963,838,693,System_OK
2023-11-06,Monday,20847,4391.79,4184.19,2213,1009,834,729,System_OK
2023-11-07,Tuesday,20828,5164.2,4922.9,2149,1078,833,714,System_OK
2023-11-08,Wednesday,20880,5598.55,5341.15,2171,927,835,671,System_OK
2023-11-09,Thursday,20786,5538.78,5276.69,2431,862,831,513,System_OK
2023-11-10,Friday,21084,6123.46,5827.18,2622,857,843,696,System_OK
2023-11-11,Saturday,20719,5263.56,5013.0,2526,847,829,711,ERR_wNccgJIoNcCDMrkQW7LN
2023-11-12,Sunday,20903,6779.28,6453.53,2826,912,836,700,System_OK
2023-11-13,Monday,21092,4990.24,4735.34,2456,969,844,627,ERR_4EscJQoGOQYSzpJGtmGe
2023-11-14,Tuesday,20896,8102.75,7720.17,3026,941,836,558,System_OK
2023-11-15,Wednesday,20881,5909.73,5625.67,2403,1005,835,711,System_OK
2023-11-16,Thursday,20869,4344.89,4142.84,3658,926,835,682,System_OK
2023-11-17,Friday,20892,4117.1,3929.11,2796,1024,836,745,ERR_ZsU1dDsEEi0mn27T1jVE
2023-11-18,Saturday,21052,5750.75,5482.47,2079,910,842,539,System_OK
2023-11-19,Sunday,20699,5010.57,4776.54,2022,1150,828,556,System_OK
2023-11-20,Monday,21078,6003.29,5714.0,2740,1005,843,553,System_OK
2023-11-21,Tuesday,20788,5770.39,5473.24,2361,831,832,698,System_OK
2023-11-22,Wednesday,20908,5166.37,4927.17,2774,842,836,547,System_OK
2023-11-23,Thursday,20897,4356.7,4153.21,2717,986,836,517,System_OK
2023-11-24,Friday,21004,3658.78,3485.15,2422,921,840,750,System_OK
2023-11-25,Saturday,20790,4785.12,4553.49,2167,977,832,506,ERR_vVCbNLV2kq2YQ7hvdkhi
2023-11-26,Sunday,21001,6151.86,5856.4,1827,980,840,709,System_OK
2023-11-27,Monday,21162,5487.64,5214.09,2291,940,846,591,ERR_f0uz6sBhnxVRK3zE3YFX
2023-11-28,Tuesday,20829,3917.71,3754.26,2859,854,833,710,System_OK
2023-11-29,Wednesday,20989,5407.97,5173.18,2506,779,840,639,System_OK
2023-11-30,Thursday,20909,5649.62,5385.32,2024,867,836,725,System_OK
2023-12-01,Friday,21023,4332.92,4116.14,2568,1008,841,732,System_OK
2023-12-02,Saturday,20987,5395.75,5153.73,2682,911,839,502,System_OK
2023-12-03,Sunday,20926,5281.04,5058.21,2158,828,837,519,System_OK
2023-12-04,Monday,21044,4055.59,3857.03,2630,947,842,563,System_OK
2023-12-05,Tuesday,21180,5628.12,5357.79,2530,969,847,667,System_OK
2023-12-06,Wednesday,20986,5827.92,5560.78,2021,863,839,722,System_OK
2023-12-07,Thursday,21082,6377.34,6083.05,2649,957,843,615,System_OK
2023-12-08,Friday,20886,6346.79,6053.8,2751,944,835,652,System_OK
2023-12-09,Saturday,20924,3804.56,3622.33,2936,821,837,547,System_OK
2023-12-10,Sunday,21072,4259.02,4062.17,2924,951,843,701,System_OK
2023-12-11,Monday,21178,5795.73,5515.04,1914,973,847,742,System_OK
2023-12-12,Tuesday,21071,5760.93,5513.79,2092,1023,843,567,System_OK
2023-12-13,Wednesday,21009,5782.23,5515.05,2636,1020,840,624,System_OK
2023-12-14,Thursday,21045,9284.11,8852.73,2793,814,842,522,ERR_2Q784gqXFv2Y4mUw91Cv
2023-12-15,Friday,20925,5846.88,5570.89,2644,855,837,640,System_OK
2023-12-16,Saturday,21115,6436.96,6135.57,4006,943,845,626,System_OK
2023-12-17,Sunday,21148,6259.68,5954.0,2692,1003,846,536,System_OK
2023-12-18,Monday,21020,5915.37,5651.39,2999,970,841,611,ERR_sKgTISmjbfhJyR7UNgTw
2023-12-19,Tuesday,21023,4919.42,4684.73,2867,1234,841,584,System_OK
2023-12-20,Wednesday,21102,6052.5,5758.97,2823,983,844,630,System_OK
2023-12-21,Thursday,21036,4457.1,4227.17,2340,1009,841,646,ERR_a6s87GdPcAZOIBff24Rw
2023-12-22,Friday,21078,4996.52,4763.18,2818,994,843,502,System_OK
2023-12-23,Saturday,21300,4743.61,4514.64,2149,987,852,690,ERR_xeOPmUleKEBBDrRAIz4M
2023-12-24,Sunday,21070,5317.93,5081.87,2513,901,843,678,ERR_7rGy3EK67bGM8QQFrqHM
2023-12-25,Monday,21064,7656.47,7314.66,2246,978,843,592,System_OK
2023-12-26,Tuesday,21040,3297.82,3132.73,2548,862,842,513,System_OK
2023-12-27,Wednesday,21184,5970.51,5686.26,3458,943,847,689,System_OK
2023-12-28,Thursday,21097,3568.44,3387.28,1774,881,844,739,System_OK
2023-12-29,Friday,21055,4740.74,4528.07,2765,936,842,560,System_OK
2023-12-30,Saturday,21257,6398.6,6088.95,1848,1109,850,581,System_OK
2023-12-31,Sunday,21272,5336.18,5064.28,2313,774,851,546,System_OK
2024-01-01,Monday,21075,4122.57,3922.26,2928,989,843,644,System_OK
2024-01-02,Tuesday,20953,4501.7,4284.7,2574,799,838,539,System_OK
2024-01-03,Wednesday,21246,5963.67,5679.6,2179,889,850,589,System_OK
2024-01-04,Thursday,21082,4467.41,4269.63,2186,1005,843,674,ERR_0UacKv9q9nO9I5mIQb3U
2024-01-05,Friday,21234,5490.84,5216.46,2703,920,849,640,System_OK
2024-01-06,Saturday,20963,5291.74,5045.57,2203,846,839,597,System_OK
2024-01-07,Sunday,21254,4570.86,4348.4,2716,882,850,605,System_OK
2024-01-08,Monday,21049,7485.51,7143.94,2478,950,842,641,ERR_SJODPOgo7NsQKbPV2mNO
2024-01-09,Tuesday,21248,5903.82,5633.92,2321,868,850,501,System_OK
2024-01-10,Wednesday,21181,3137.95,2974.86,3441,977,847,520,System_OK
2024-01-11,Thursday,21090,5442.31,5186.45,2726,905,844,720,System_OK
2024-01-12,Friday,21149,4569.65,4338.21,1718,889,846,519,ERR_3R4fBFRjXrdigXhQgONc
2024-01-13,Saturday,21264,6144.28,5852.43,2656,1122,851,677,System_OK
2024-01-14,Sunday,21211,4399.43,4207.48,2216,969,848,730,System_OK
2024-01-15,Monday,21263,5138.45,4885.26,2831,796,851,568,ERR_VZvd4ZfLzkzqxBIEm1Ip
2024-01-16,Tuesday,21408,5774.34,5504.99,2154,941,856,593,System_OK
2024-01-17,Wednesday,21059,6166.03,5865.76,2403,874,842,642,System_OK
2024-01-18,Thursday,21382,3989.94,3799.7,2670,990,855,720,System_OK
2024-01-19,Friday,21235,4883.34,4665.5,2785,861,849,735,System_OK
2024-01-20,Saturday,21140,4752.95,4525.05,2022,906,846,685,System_OK
2024-01-21,Sunday,21102,4585.96,4346.67,2328,946,844,522,System_OK
2024-01-22,Monday,21221,7108.66,6765.45,2322,981,849,667,ERR_S1IBM8LilouZIPGYs2wm
2024-01-23,Tuesday,21337,5674.65,5404.98,2161,809,853,603,System_OK
2024-01-24,Wednesday,21237,3936.82,3739.12,3223,893,849,618,ERR_Cxpy2wBUpQ3LkcoagaWF
2024-01-25,Thursday,21406,6215.87,5917.86,2704,892,856,512,System_OK
2024-01-26,Friday,21115,7480.36,7122.16,1896,858,845,548,System_OK
2024-01-27,Saturday,21264,6323.17,6032.47,2886,1077,851,698,System_OK
2024-01-28,Sunday,21145,3657.0,3480.63,3410,964,846,613,System_OK
2024-01-29,Monday,21311,4751.9,4515.77,2853,803,852,575,System_OK
2024-01-30,Tuesday,21369,6571.9,6266.91,1976,991,855,596,System_OK
2024-01-31,Wednesday,21243,4521.19,4292.33,2327,1095,850,714,System_OK
2024-02-01,Thursday,21030,5715.09,5443.82,2972,999,841,687,ERR_2YqJcaXA0UNGtnJewS73
2024-02-02,Friday,21315,6054.49,5774.63,2214,831,853,568,ERR_G2smC8fopxwVj1OOWqW3
2024-02-03,Saturday,21344,4286.7,4073.07,2705,884,854,529,System_OK
2024-02-04,Sunday,21345,5184.63,4940.47,2814,1016,854,563,System_OK
2024-02-05,Monday,21434,1854.27,1758.73,2156,856,857,730,System_OK
2024-02-06,Tuesday,21208,4171.47,3975.61,2430,971,848,645,System_OK
2024-02-07,Wednesday,21388,4984.2,4747.43,1212,991,856,633,System_OK
2024-02-08,Thursday,21444,3944.77,3752.22,2020,873,858,649,System_OK
2024-02-09,Friday,21152,6966.94,6632.41,2393,894,846,592,ERR_oU3LcLpbEBgDQ59gJCxZ
2024-02-10,Saturday,21367,3728.39,3569.86,1956,659,855,702,System_OK
2024-02-11,Sunday,21290,4776.74,4559.96,3116,825,852,631,System_OK
2024-02-12,Monday,21337,5396.57,5130.74,1990,904,853,529,System_OK
2024-02-13,Tuesday,21385,6762.02,6441.27,2379,809,855,532,ERR_9DCzszKADY0Dc65Qg8W4
2024-02-14,Wednesday,21306,3737.1,3564.14,2583,1033,852,634,System_OK
2024-02-15,Thursday,21292,6457.73,6163.16,3022,825,852,734,ERR_mo1eCIAAhFtjmCI81hCE
2024-02-16,Friday,21368,5249.94,5010.23,1910,902,855,577,System_OK
2024-02-17,Saturday,21261,4199.2,4018.49,3026,924,850,717,System_OK
2024-02-18,Sunday,21266,5734.2,5462.1,2511,1035,851,691,System_OK
2024-02-19,Monday,21448,5453.03,5199.06,2223,813,858,562,System_OK
2024-02-20,Tuesday,21270,4610.1,4399.78,2705,1023,851,509,System_OK
2024-02-21,Wednesday,21457,5322.61,5069.8,2589,923,858,525,System_OK
2024-02-22,Thursday,21441,4849.06,4614.69,2244,869,858,682,System_OK
2024-02-23,Friday,21227,5390.12,5113.52,2535,947,849,550,System_OK
2024-02-24,Saturday,21337,5930.12,5662.13,2338,935,853,593,System_OK
2024-02-25,Sunday,21529,6926.91,6586.02,2581,847,861,625,System_OK
2024-02-26,Monday,21317,3960.02,3762.18,2813,932,853,681,System_OK
2024-02-27,Tuesday,21374,7481.9,7133.03,3095,869,855,528,System_OK
2024-02-28,Wednesday,21471,3202.34,3047.91,1938,949,859,602,ERR_z34w3ZVtSbxEAb4ndWmJ
2024-02-29,Thursday,21508,5086.05,4848.21,3261,978,860,621,System_OK
2024-03-01,Friday,21410,5869.59,5588.32,1745,1034,856,635,System_OK
2024-03-02,Saturday,21380,5560.13,5280.99,2384,797,855,705,System_OK
2024-03-03,Sunday,21587,4602.23,4377.3,2628,1069,863,543,System_OK
2024-03-04,Monday,21624,5036.56,4791.88,2632,783,865,702,System_OK
2024-03-05,Tuesday,21553,4728.05,4507.0,2376,870,862,673,System_OK
2024-03-06,Wednesday,21469,4616.33,4410.64,2416,955,859,639,System_OK
2024-03-07,Thursday,21384,6140.0,5849.6,2345,945,855,675,System_OK
2024-03-08,Friday,21387,5636.94,5357.02,2268,878,855,603,System_OK
2024-03-09,Saturday,21527,4507.17,4307.09,2835,890,861,535,System_OK
2024-03-10,Sunday,21522,6184.03,5899.6,2689,902,861,666,System_OK
2024-03-11,Monday,21625,5573.92,5307.3,2208,862,865,631,System_OK
2024-03-12,Tuesday,21555,6093.66,5812.86,2873,972,862,660,System_OK
2024-03-13,Wednesday,21345,5903.18,5629.63,2639,962,854,584,System_OK
2024-03-14,Thursday,21605,4375.32,4171.0,2792,862,864,727,System_OK
2024-03-15,Friday,21405,4648.15,4439.82,2801,979,856,647,System_OK
2024-03-16,Saturday,21472,6024.92,5747.29,2160,945,859,521,System_OK
2024-03-17,Sunday,21540,5897.92,5610.37,2238,964,862,612,System_OK
2024-03-18,Monday,21720,5214.98,4979.1,2826,990,869,689,System_OK
2024-03-19,Tuesday,21836,5357.21,5117.33,2699,863,873,699,System_OK
2024-03-20,Wednesday,21591,6585.25,6277.66,2493,869,864,624,System_OK
2024-03-21,Thursday,21517,4636.17,4408.43,2546,983,861,724,System_OK
2024-03-22,Friday,21593,5822.48,5547.1,3065,973,864,567,ERR_rxULjAlgqa5XzoY7G9KU
2024-03-23,Saturday,21634,5033.05,4797.81,2287,914,865,603,System_OK
2024-03-24,Sunday,21518,5021.87,4782.32,2718,911,861,725,System_OK
2024-03-25,Monday,21735,6386.26,6098.78,2460,1035,869,724,System_OK
2024-03-26,Tuesday,21583,6121.64,5825.42,2482,893,863,671,System_OK
2024-03-27,Wednesday,21615,6108.02,5813.51,2967,948,865,715,System_OK
2024-03-28,Thursday,21637,6616.66,6305.48,2831,903,865,522,System_OK
2024-03-29,Friday,21617,5282.11,5021.0,2760,915,865,716,System_OK
2024-03-30,Saturday,21664,5954.78,5681.95,2969,1008,867,580,System_OK
2024-03-31,Sunday,21523,4935.5,4689.73,2493,969,861,545,System_OK
2024-04-01,Monday,21534,5591.91,5324.17,2742,975,861,560,System_OK
2024-04-02,Tuesday,21485,5109.98,4869.86,2367,1028,859,604,System_OK
2024-04-03,Wednesday,21644,5351.65,5097.0,2632,914,866,563,System_OK
2024-04-04,Thursday,21683,5873.84,5595.16,2474,953,867,580,System_OK
2024-04-05,Friday,21656,4403.07,4181.78,2535,871,866,534,System_OK
2024-04-06,Saturday,21782,7436.24,7092.39,2762,944,871,574,System_OK
2024-04-07,Sunday,21619,4186.05,3993.98,2176,918,865,643,System_OK
2024-04-08,Monday,21692,3985.46,3785.81,3238,925,868,610,System_OK
2024-04-09,Tuesday,21521,6460.06,6158.11,2051,963,861,587,System_OK
2024-04-10,Wednesday,21596,6090.26,5791.66,2007,841,864,687,System_OK
2024-04-11,Thursday,21710,5922.32,5624.12,2903,1050,868,723,ERR_gWpqt5wHkHGzb8wOv5H7
2024-04-12,Friday,21730,5905.74,5628.35,2847,832,869,689,System_OK
2024-04-13,Saturday,21621,5243.95,4987.75,2826,822,865,583,System_OK
2024-04-14,Sunday,21648,4296.34,4102.75,2812,976,866,686,System_OK
2024-04-15,Monday,21508,5337.14,5075.8,2484,994,860,538,System_OK
2024-04-16,Tuesday,21629,4540.97,4322.84,2216,982,865,533,System_OK
2024-04-17,Wednesday,21759,6278.61,5975.12,2538,989,870,586,System_OK
2024-04-18,Thursday,21733,5089.13,4852.94,2212,895,869,702,System_OK
2024-04-19,Friday,21730,4366.62,4174.5,2859,841,869,562,System_OK
2024-04-20,Saturday,21690,4917.57,4678.61,2426,917,868,516,System_OK
2024-04-21,Sunday,21691,5662.95,5412.93,2150,858,868,533,System_OK
2024-04-22,Monday,21629,4654.92,4436.28,2380,999,865,715,System_OK
2024-04-23,Tuesday,21770,4396.08,4177.78,2673,904,871,658,ERR_d1vmpZ9CfzkxCcZj879a
2024-04-24,Wednesday,21747,5507.79,5243.69,2275,838,870,563,System_OK
2024-04-25,Thursday,21759,5526.69,5244.97,2193,876,870,639,System_OK
2024-04-26,Friday,21662,4727.96,4493.06,2657,956,866,632,System_OK
2024-04-27,Saturday,21505,4748.87,4528.96,2645,851,860,664,System_OK
2024-04-28,Sunday,21835,5493.92,5232.05,2223,866,873,558,System_OK
2024-04-29,Monday,21682,3729.04,3551.92,2184,937,867,716,System_OK
2024-04-30,Tuesday,21649,3756.34,3592.54,2640,953,866,577,System_OK
2024-05-01,Wednesday,21809,4486.23,4281.56,1852,862,872,674,System_OK
2024-05-02,Thursday,21706,5020.27,4786.55,1926,844,868,504,System_OK
2024-05-03,Friday,21856,5556.09,5310.91,2154,933,874,593,System_OK
2024-05-04,Saturday,21817,6799.59,6475.36,2325,777,873,588,System_OK
2024-05-05,Sunday,21828,6148.05,5857.66,2651,799,873,636,System_OK
2024-05-06,Monday,21628,5065.33,4840.06,3128,838,865,518,System_OK
2024-05-07,Tuesday,21891,5234.07,4980.98,2814,869,876,698,ERR_TvdsbMi7sp1yVrw0ukMO
2024-05-08,Wednesday,21801,4204.5,3997.47,2306,937,872,554,ERR_FDS6z48JYHilbLe9eZve
2024-05-09,Thursday,21743,5232.83,4981.49,2465,1034,870,669,System_OK
2024-05-10,Friday,21799,4943.67,4711.34,2119,950,872,701,System_OK
2024-05-11,Saturday,21612,5594.76,5322.72,2419,871,864,640,System_OK
2024-05-12,Sunday,21836,4388.21,4172.77,2394,892,873,685,System_OK
2024-05-13,Monday,21697,5798.38,5519.35,2628,818,868,665,System_OK
2024-05-14,Tuesday,21670,6851.13,6532.74,2198,872,867,589,System_OK
2024-05-15,Wednesday,21658,5138.57,4891.24,2714,866,866,702,System_OK
2024-05-16,Thursday,21926,5683.75,5401.71,3064,921,877,574,ERR_9We5f636Uy6YX8dN6VF3
2024-05-17,Friday,21757,5968.68,5690.14,2516,838,870,643,System_OK
2024-05-18,Saturday,21978,4849.7,4598.78,2653,972,879,686,System_OK
2024-05-19,Sunday,21776,5480.04,5224.09,2775,1013,871,595,System_OK
2024-05-20,Monday,21664,5263.54,5012.59,2293,909,867,576,System_OK
2024-05-21,Tuesday,21728,5345.84,5097.68,2567,939,869,615,System_OK
2024-05-22,Wednesday,21969,4440.57,4226.99,2461,965,879,704,System_OK
2024-05-23,Thursday,21834,5258.32,5024.51,2530,864,873,732,System_OK
2024-05-24,Friday,21800,5767.44,5498.0,2276,907,872,636,System_OK
2024-05-25,Saturday,21876,6762.78,6451.14,2441,913,875,665,System_OK
2024-05-26,Sunday,21915,6258.58,5959.27,2619,931,877,726,System_OK
2024-05-27,Monday,21982,7520.78,7153.18,3154,846,879,525,ERR_12Es9IC6adBrzNs2274f
2024-05-28,Tuesday,22020,4450.75,4232.65,2873,886,881,558,System_OK
2024-05-29,Wednesday,21844,6142.22,5872.32,3328,926,874,677,System_OK
2024-05-30,Thursday,21752,5462.93,5183.34,2245,1024,870,706,System_OK
2024-05-31,Friday,21849,7552.24,7189.8,2819,984,874,714,ERR_U24QsC0j3lG3gq8857jE
2024-06-01,Saturday,21921,4393.53,4191.7,2665,1064,877,604,System_OK
2024-06-02,Sunday,21804,4369.86,4160.28,3410,874,872,522,System_OK
2024-06-03,Monday,21809,4622.4,4400.61,2152,979,872,609,System_OK
2024-06-04,Tuesday,21944,3013.24,2876.1,2272,940,878,558,System_OK
2024-06-05,Wednesday,21910,4699.94,4474.24,2230,1097,876,573,System_OK
2024-06-06,Thursday,21923,4446.84,4240.87,1688,846,877,693,System_OK
2024-06-07,Friday,21849,5403.87,5150.39,2305,852,874,519,System_OK
2024-06-08,Saturday,21907,5601.98,5341.76,2261,841,876,707,System_OK
2024-06-09,Sunday,21843,7205.65,6876.17,2638,741,874,607,System_OK
2024-06-10,Monday,22029,6249.41,5950.42,2638,875,881,649,ERR_f6IGrKmjKzTqayHMjtg3
2024-06-11,Tuesday,22049,4650.1,4423.1,3213,859,882,522,System_OK
2024-06-12,Wednesday,21765,4311.81,4101.59,2903,912,871,584,System_OK
2024-06-13,Thursday,21862,5774.72,5491.92,2235,921,874,522,System_OK
2024-06-14,Friday,21810,3867.0,3679.77,2241,1043,872,740,System_OK
2024-06-15,Saturday,21900,7167.7,6831.46,2704,982,876,702,System_OK
2024-06-16,Sunday,21962,6496.81,6179.44,1954,870,878,615,System_OK
2024-06-17,Monday,21830,4743.79,4530.82,3242,835,873,556,System_OK
2024-06-18,Tuesday,21888,3442.2,3286.87,2904,947,876,733,System_OK
2024-06-19,Wednesday,21885,6661.93,6353.87,2264,806,875,586,System_OK
2024-06-20,Thursday,22011,5140.53,4885.46,1875,1074,880,540,System_OK
2024-06-21,Friday,22002,6559.14,6237.82,3009,979,880,641,System_OK
2024-06-22,Saturday,21928,3580.72,3405.57,2402,859,877,736,System_OK
2024-06-23,Sunday,22023,4631.38,4400.62,3022,783,881,501,System_OK
2024-06-24,Monday,21955,5246.72,5005.24,1922,1005,878,560,System_OK
2024-06-25,Tuesday,21988,5302.82,5046.98,2296,881,880,735,System_OK
2024-06-26,Wednesday,22187,4776.18,4549.93,2552,1013,887,543,System_OK
2024-06-27,Thursday,22159,5912.46,5622.85,2481,762,886,528,System_OK
2024-06-28,Friday,21900,4127.85,3932.38,2249,865,876,643,System_OK
2024-06-29,Saturday,22118,5096.65,4857.62,2824,914,885,715,ERR_xug48C9FF069e9dvrIqX
2024-06-30,Sunday,22121,5381.72,5120.3,2057,896,885,619,System_OK
2024-07-01,Monday,21930,5798.92,5514.44,2431,869,877,749,ERR_m91oecKKKcIZw7B7Dr5Z
2024-07-02,Tuesday,22132,5990.52,5711.61,2615,960,885,670,System_OK
2024-07-03,Wednesday,22209,4068.52,3875.36,2734,810,888,519,System_OK
2024-07-04,Thursday,21948,3628.6,3465.89,2807,905,878,748,System_OK
2024-07-05,Friday,21973,6566.58,6277.68,2158,913,879,602,System_OK
2024-07-06,Saturday,22172,5600.93,5332.31,1854,943,887,572,System_OK
2024-07-07,Sunday,22102,4470.18,4251.51,3057,960,884,639,System_OK
2024-07-08,Monday,22135,6881.33,6551.15,2636,841,885,576,System_OK
2024-07-09,Tuesday,22119,5351.96,5115.67,2214,773,885,522,System_OK
2024-07-10,Wednesday,22129,6484.75,6179.3,3197,999,885,500,System_OK
2024-07-11,Thursday,21962,5298.71,5067.52,2572,919,878,612,System_OK
2024-07-12,Friday,22205,7427.49,7060.75,2999,838,888,709,ERR_sjMltKVOgZ15nkgCjCiJ
2024-07-13,Saturday,22222,7082.25,6755.34,2581,1039,889,643,System_OK
2024-07-14,Sunday,22087,5001.14,4751.04,3306,917,883,750,System_OK
2024-07-15,Monday,22111,6279.61,5971.57,3160,1003,884,572,System_OK
2024-07-16,Tuesday,21967,5918.63,5645.38,2348,895,879,570,System_OK
2024-07-17,Wednesday,22176,6675.73,6368.63,2790,1071,887,540,ERR_SxigpsMfXYk8l85Pmluj
2024-07-18,Thursday,22187,4240.33,4035.08,2861,1034,887,541,System_OK
2024-07-19,Friday,22129,5961.91,5686.05,2992,882,885,571,System_OK
2024-07-20,Saturday,22252,6362.37,6058.42,2103,962,890,698,ERR_K87l5I8N1bXOSMPi9vUe
2024-07-21,Sunday,22112,3398.49,3241.26,2761,981,884,726,ERR_RvLYspEYcwP6rzm5rc57
2024-07-22,Monday,22206,3989.77,3816.74,2939,1002,888,744,System_OK
2024-07-23,Tuesday,22053,3086.51,2960.77,1837,830,882,558,System_OK
2024-07-24,Wednesday,22158,4969.39,4730.59,2070,955,886,720,System_OK
2024-07-25,Thursday,22148,5997.8,5717.54,1655,984,886,582,System_OK
2024-07-26,Friday,22193,6821.94,6502.36,2384,788,888,528,System_OK
2024-07-27,Saturday,22138,5334.76,5074.09,2801,819,886,718,System_OK
2024-07-28,Sunday,22167,6971.78,6628.62,3089,733,887,659,System_OK
2024-07-29,Monday,22268,3798.16,3619.9,2610,862,891,541,System_OK
2024-07-30,Tuesday,22146,3458.04,3296.62,3176,943,886,607,System_OK
2024-07-31,Wednesday,22034,5196.67,4944.45,1985,1015,881,572,ERR_s0pxRuJNMU99fen0SPX8
2024-08-01,Thursday,22375,5639.7,5384.07,1852,923,895,684,System_OK
2024-08-02,Friday,22343,5217.9,4967.31,2536,1027,894,613,System_OK
2024-08-03,Saturday,22081,3084.71,2932.56,2663,792,883,747,System_OK
2024-08-04,Sunday,22284,5163.22,4910.88,2422,783,891,514,System_OK
2024-08-05,Monday,22170,3860.94,3695.53,1693,909,887,589,System_OK
2024-08-06,Tuesday,22251,5945.55,5669.67,2432,917,890,620,System_OK
2024-08-07,Wednesday,22259,5626.15,5366.6,1952,879,890,626,System_OK
2024-08-08,Thursday,22212,4264.13,4060.12,2797,725,888,579,System_OK
2024-08-09,Friday,22162,4715.25,4486.13,2709,876,886,682,System_OK
2024-08-10,Saturday,22176,4152.8,3940.79,2125,780,887,719,System_OK
2024-08-11,Sunday,22158,5179.24,4937.32,2310,948,886,735,System_OK
2024-08-12,Monday,22172,6247.92,5955.14,2161,923,887,701,System_OK
2024-08-13,Tuesday,22253,4226.49,4014.27,2487,818,890,713,ERR_gHR0npQZijqlfsQO0Cf6
2024-08-14,Wednesday,22193,5782.22,5504.05,3012,850,888,638,System_OK
2024-08-15,Thursday,22338,4705.91,4469.74,2134,798,894,706,System_OK
2024-08-16,Friday,22424,4420.37,4207.13,2614,914,897,576,System_OK
2024-08-17,Saturday,22222,5126.05,4892.97,2326,1006,889,600,System_OK
2024-08-18,Sunday,22309,4149.67,3964.76,2202,817,892,579,System_OK
2024-08-19,Monday,22340,4653.15,4446.35,2522,917,894,617,System_OK
2024-08-20,Tuesday,22342,3998.85,3802.12,2120,848,894,571,System_OK
2024-08-21,Wednesday,22308,7324.85,6964.73,2272,851,892,740,System_OK
2024-08-22,Thursday,22379,5305.52,5035.26,1960,918,895,578,System_OK
2024-08-23,Friday,22358,4523.72,4300.27,3275,819,894,525,System_OK
2024-08-24,Saturday,22191,5486.31,5213.98,2472,856,888,632,System_OK
2024-08-25,Sunday,22407,5126.26,4887.67,2191,788,896,514,System_OK
2024-08-26,Monday,22414,5006.42,4779.03,2615,1036,897,528,System_OK
2024-08-27,Tuesday,22254,5903.38,5614.17,2539,882,890,555,System_OK
2024-08-28,Wednesday,22339,6049.56,5757.51,2431,832,894,616,System_OK
2024-08-29,Thursday,22408,4694.04,4469.5,2686,912,896,608,System_OK
2024-08-30,Friday,22324,4649.26,4424.18,2825,897,893,700,System_OK
2024-08-31,Saturday,22457,4964.43,4724.95,2348,879,898,685,System_OK
2024-09-01,Sunday,22591,2845.82,2698.08,2239,932,904,607,System_OK
2024-09-02,Monday,22281,3672.0,3484.81,2383,956,891,583,System_OK
2024-09-03,Tuesday,22227,6690.66,6366.87,1580,848,889,579,System_OK
2024-09-04,Wednesday,22400,6985.68,6644.97,1855,832,896,693,System_OK
2024-09-05,Thursday,22447,4993.65,4750.96,3079,856,898,513,System_OK
2024-09-06,Friday,22357,5850.77,5576.56,3152,716,894,503,System_OK
2024-09-07,Saturday,22530,5584.38,5311.25,2421,743,901,699,System_OK
2024-09-08,Sunday,22256,8468.88,8078.88,2686,1016,890,619,System_OK
2024-09-09,Monday,22464,6436.09,6119.57,2603,1036,899,533,System_OK
2024-09-10,Tuesday,22339,5103.74,4872.08,3768,871,894,559,System_OK
2024-09-11,Wednesday,22577,4249.54,4044.46,2929,904,903,733,System_OK
2024-09-12,Thursday,22609,3554.78,3393.55,2535,910,904,715,System_OK
2024-09-13,Friday,22338,5469.17,5203.46,2098,1142,894,677,ERR_gSfxssJYiV6JLN6CxVe0
2024-09-14,Saturday,22365,4455.49,4243.65,1869,965,895,621,System_OK
2024-09-15,Sunday,22511,3740.68,3577.75,2628,893,900,630,System_OK
2024-09-16,Monday,22391,4575.31,4353.43,2127,824,896,744,System_OK
2024-09-17,Tuesday,22430,4108.59,3918.45,1843,770,897,741,System_OK
2024-09-18,Wednesday,22443,7030.31,6687.14,2165,906,898,554,System_OK
2024-09-19,Thursday,22253,6175.73,5881.64,2131,796,890,703,System_OK
2024-09-20,Friday,22449,5245.58,4992.03,3147,754,898,549,System_OK
2024-09-21,Saturday,22386,6794.36,6479.94,2981,819,895,553,ERR_RL6adYRUIwA7zZ7hQpOc
2024-09-22,Sunday,22411,5325.35,5077.37,2469,819,896,669,System_OK
2024-09-23,Monday,22609,4341.06,4138.72,3101,1015,904,601,System_OK
2024-09-24,Tuesday,22344,6857.85,6523.12,2608,988,894,733,System_OK
2024-09-25,Wednesday,22556,5832.63,5538.91,2256,903,902,522,System_OK
2024-09-26,Thursday,22452,4152.84,3962.75,3212,1016,898,628,System_OK
2024-09-27,Friday,22457,5060.91,4809.66,2776,909,898,730,System_OK
2024-09-28,Saturday,22569,4308.9,4124.38,2136,838,903,726,System_OK
2024-09-29,Sunday,22529,3786.12,3617.2,2453,1027,901,539,System_OK
2024-09-30,Monday,22557,6212.9,5926.18,2189,955,902,592,ERR_pam1k0hyNFxBnScJAtUo
2024-10-01,Tuesday,22602,7241.36,6909.42,1919,810,904,655,System_OK
2024-10-02,Wednesday,22477,3765.66,3601.43,2830,878,899,540,System_OK
2024-10-03,Thursday,22454,5845.25,5562.97,3264,824,898,742,System_OK
2024-10-04,Friday,22411,4564.69,4349.36,1932,764,896,729,System_OK
2024-10-05,Saturday,22442,4742.31,4512.87,2703,938,898,542,System_OK
2024-10-06,Sunday,22825,4634.89,4407.61,2275,1047,913,530,System_OK
2024-10-07,Monday,22659,4345.47,4136.01,2353,774,906,521,System_OK
2024-10-08,Tuesday,22405,5307.53,5048.52,2267,930,896,727,System_OK
2024-10-09,Wednesday,22413,4376.8,4169.05,2228,834,897,548,System_OK
2024-10-10,Thursday,22598,5522.11,5270.46,2462,870,904,604,System_OK
2024-10-11,Friday,22610,5207.83,4949.76,2158,831,904,612,System_OK
2024-10-12,Saturday,22615,4993.21,4761.05,2572,849,905,650,System_OK
2024-10-13,Sunday,22540,4287.7,4092.44,2387,860,902,518,System_OK
2024-10-14,Monday,22557,4642.61,4423.23,2400,821,902,557,System_OK
2024-10-15,Tuesday,22608,6034.03,5755.39,2131,905,904,733,System_OK
2024-10-16,Wednesday,22589,5771.79,5500.92,2345,855,904,727,System_OK
2024-10-17,Thursday,22363,4227.01,4022.44,2834,866,895,695,System_OK
2024-10-18,Friday,22567,5357.78,5099.33,2649,823,903,505,System_OK
2024-10-19,Saturday,22510,6029.98,5751.39,2202,830,900,582,System_OK
2024-10-20,Sunday,22618,3492.24,3330.59,2601,957,905,657,System_OK
2024-10-21,Monday,22904,5831.27,5543.36,2830,894,916,569,System_OK
2024-10-22,Tuesday,22647,4559.21,4337.38,1821,815,906,727,System_OK
2024-10-23,Wednesday,22584,5869.88,5570.6,2669,920,903,658,System_OK
2024-10-24,Thursday,22712,4460.38,4236.74,2216,945,908,518,System_OK
2024-10-25,Friday,22673,3366.31,3195.12,2783,737,907,727,System_OK
2024-10-26,Saturday,22672,3527.2,3372.46,2289,916,907,739,System_OK
2024-10-27,Sunday,22696,5308.13,5048.08,1855,848,908,519,System_OK
2024-10-28,Monday,22846,5522.18,5259.72,1825,925,914,633,System_OK
2024-10-29,Tuesday,22532,4294.96,4095.68,2463,829,901,576,System_OK
2024-10-30,Wednesday,22697,5922.2,5638.59,2611,770,908,598,ERR_GRrpltSN6CDzvG50MUCv
2024-10-31,Thursday,22562,3514.85,3338.48,2050,765,902,545,System_OK
2024-11-01,Friday,22716,5185.63,4933.92,2772,875,909,645,System_OK
2024-11-02,Saturday,22573,3969.65,3788.98,1828,891,903,739,System_OK
2024-11-03,Sunday,22628,4572.99,4348.16,2450,813,905,626,System_OK
2024-11-04,Monday,22645,5293.39,5047.4,1936,952,906,521,ERR_KghKOn5lJZ8NqN0C9AaZ
2024-11-05,Tuesday,22778,4348.74,4139.59,2265,756,911,655,System_OK
2024-11-06,Wednesday,22777,4843.19,4615.44,2492,865,911,585,System_OK
2024-11-07,Thursday,22565,6304.42,6006.29,2097,767,903,714,System_OK
2024-11-08,Friday,22700,4651.92,4423.11,2203,833,908,609,ERR_cRYoE1pj1C66fCq07vx8
2024-11-09,Saturday,22629,6117.08,5835.69,2901,882,905,548,System_OK
2024-11-10,Sunday,22579,4083.26,3870.29,2358,813,903,548,System_OK
2024-11-11,Monday,22688,5788.08,5529.8,2917,830,908,692,System_OK
2024-11-12,Tuesday,22684,6757.67,6441.57,2025,950,907,566,System_OK
2024-11-13,Wednesday,22963,2658.47,2528.36,2682,870,919,692,ERR_RV84urItoemYl92uKfgz
2024-11-14,Thursday,22768,4419.1,4203.1,3100,968,911,551,System_OK
2024-11-15,Friday,22592,5854.93,5577.07,1461,790,904,580,System_OK
2024-11-16,Saturday,22679,5036.23,4796.95,2196,931,907,616,System_OK
2024-11-17,Sunday,22842,5643.81,5371.15,2769,991,914,736,System_OK
2024-11-18,Monday,22954,4613.51,4396.01,2480,675,918,733,System_OK
2024-11-19,Tuesday,22591,5354.85,5086.59,2643,812,904,552,System_OK
2024-11-20,Wednesday,22567,5094.93,4844.32,2248,915,903,590,ERR_IWQOK4PUB8nd0tHlGxte
2024-11-21,Thursday,22947,6484.9,6167.78,2491,882,918,537,System_OK
2024-11-22,Friday,22804,5507.48,5254.42,2396,934,912,627,System_OK
2024-11-23,Saturday,22683,5603.69,5337.6,2956,809,907,615,System_OK
2024-11-24,Sunday,22828,4814.53,4588.12,2620,878,913,725,System_OK
2024-11-25,Monday,22516,4727.95,4512.39,2681,861,901,733,System_OK
2024-11-26,Tuesday,22785,4799.41,4567.44,2295,971,911,596,System_OK
2024-11-27,Wednesday,22823,5658.79,5394.45,2380,902,913,623,System_OK
2024-11-28,Thursday,22887,4814.52,4579.02,2313,903,915,724,System_OK
2024-11-29,Friday,22699,5543.56,5289.77,2657,838,908,702,System_OK
2024-11-30,Saturday,22814,7446.36,7075.4,2294,847,913,501,System_OK
2024-12-01,Sunday,22717,6155.72,5871.12,2495,817,909,580,System_OK
2024-12-02,Monday,22841,4909.87,4673.98,3374,922,914,605,ERR_onPRpoPdAwCO0Zi043ZQ
2024-12-03,Tuesday,22730,6519.19,6201.21,2885,845,909,557,System_OK
2024-12-04,Wednesday,22784,4815.81,4591.92,2356,876,911,550,ERR_deekOBpO1DdbTcXufQ0r
2024-12-05,Thursday,22730,3118.49,2961.88,2984,1053,909,509,System_OK
2024-12-06,Friday,22900,4179.22,3991.91,2363,966,916,661,System_OK
2024-12-07,Saturday,22926,3300.19,3129.21,1607,852,917,566,System_OK
2024-12-08,Sunday,22822,4881.05,4648.49,2070,982,913,513,System_OK
2024-12-09,Monday,22854,5263.38,5018.42,1791,846,914,558,System_OK
2024-12-10,Tuesday,22710,7007.27,6676.44,2297,709,908,700,System_OK
2024-12-11,Wednesday,22830,5601.36,5326.93,2522,793,913,713,ERR_q2wHOOeoUcsBcLdxES6S
2024-12-12,Thursday,22860,5014.1,4780.9,3103,736,914,621,System_OK
2024-12-13,Friday,23132,6113.39,5829.41,2654,826,925,604,System_OK
2024-12-14,Saturday,22764,2926.09,2788.86,2411,882,911,744,System_OK
2024-12-15,Sunday,23026,5485.63,5235.61,2751,990,921,550,System_OK
2024-12-16,Monday,22985,6077.62,5770.87,1674,902,919,554,System_OK
2024-12-17,Tuesday,22918,3691.82,3521.41,2558,850,917,573,System_OK
2024-12-18,Wednesday,23071,6459.26,6143.75,2768,917,923,543,System_OK
2024-12-19,Thursday,22937,5607.51,5338.5,1919,732,917,595,System_OK
2024-12-20,Friday,22944,4804.1,4584.71,3015,900,918,728,System_OK
2024-12-21,Saturday,22905,5914.36,5632.78,2585,948,916,654,System_OK
2024-12-22,Sunday,23037,7642.07,7270.69,2337,748,921,603,System_OK
2024-12-23,Monday,23030,5439.08,5181.87,2775,980,921,734,System_OK
2024-12-24,Tuesday,22862,5522.56,5248.22,3443,877,914,512,System_OK
2024-12-25,Wednesday,22798,4777.89,4540.64,2582,833,912,553,System_OK
2024-12-26,Thursday,22915,4366.85,4150.16,2581,920,917,641,System_OK
2024-12-27,Friday,22860,6117.25,5830.34,2275,1074,914,654,System_OK
2024-12-28,Saturday,22939,4340.31,4143.92,2164,886,918,510,System_OK
2024-12-29,Sunday,23074,5319.0,5071.57,2779,902,923,601,System_OK
2024-12-30,Monday,22909,4750.42,4522.34,2011,834,916,662,System_OK
2024-12-31,Tuesday,22956,5758.39,5478.98,2550,829,918,675,System_OK
2025-01-01,Wednesday,22971,5578.63,5333.66,2354,914,919,660,System_OK
2025-01-02,Thursday,23055,6339.34,6037.54,2573,789,922,580,System_OK
2025-01-03,Friday,22750,4716.06,4489.98,2583,891,910,523,ERR_oT08a7QB4cYrZ7HFCy7z
2025-01-04,Saturday,22919,4963.85,4730.13,2946,833,917,607,System_OK
2025-01-05,Sunday,23006,4235.21,4021.24,2399,898,920,532,System_OK
2025-01-06,Monday,23110,4787.71,4555.71,2393,894,924,737,System_OK
2025-01-07,Tuesday,22946,5659.27,5377.3,2072,958,918,619,System_OK
2025-01-08,Wednesday,22812,6042.68,5756.99,2313,841,912,579,ERR_STIQcsjAokUz6xmFKdmi
2025-01-09,Thursday,23067,4291.1,4077.83,2720,844,923,692,System_OK
2025-01-10,Friday,22946,6179.44,5869.61,2770,806,918,624,System_OK
2025-01-11,Saturday,22896,6686.54,6355.64,2091,832,916,578,System_OK
2025-01-12,Sunday,22958,5673.19,5413.43,2824,922,918,703,ERR_75lukRY5RRnHHy8dZ2zp
2025-01-13,Monday,23007,7218.1,6876.8,2995,917,920,717,System_OK
2025-01-14,Tuesday,22970,4434.07,4226.21,2672,781,919,668,System_OK
2025-01-15,Wednesday,22814,3948.0,3755.35,3332,943,913,512,System_OK
2025-01-16,Thursday,23130,3389.2,3221.28,2207,957,925,642,ERR_0ZYhnjcLCowwrTsBzjUd
2025-01-17,Friday,23172,6812.46,6496.04,1990,902,927,691,System_OK
2025-01-18,Saturday,23115,5937.76,5654.37,1774,1038,925,534,ERR_2pEjsBqBsKwtmmQkVoq1
2025-01-19,Sunday,22941,5171.44,4944.42,3020,811,918,557,System_OK
2025-01-20,Monday,23040,5558.39,5279.97,2806,766,922,721,System_OK
2025-01-21,Tuesday,23064,4063.12,3874.51,2474,729,923,505,System_OK
2025-01-22,Wednesday,23130,7818.6,7445.75,2603,982,925,688,System_OK
2025-01-23,Thursday,23142,5382.58,5129.22,2209,939,926,618,System_OK
2025-01-24,Friday,23007,5376.32,5109.39,3493,853,920,612,System_OK
2025-01-25,Saturday,23093,5983.67,5725.77,2514,887,924,502,ERR_Glb6BjvqzcgRhtlIqBOj
2025-01-26,Sunday,23136,5754.89,5481.01,2522,824,925,705,System_OK
2025-01-27,Monday,23241,5484.02,5223.88,2848,1079,930,590,System_OK
2025-01-28,Tuesday,23170,4415.46,4209.53,2698,859,927,635,System_OK
2025-01-29,Wednesday,23184,5762.3,5471.47,2518,878,927,669,System_OK
2025-01-30,Thursday,23118,7217.26,6882.02,2230,918,925,676,System_OK
2025-01-31,Friday,23256,6670.41,6345.42,2655,910,930,739,System_OK
2025-02-01,Saturday,23161,6926.41,6593.19,3346,891,926,633,System_OK
2025-02-02,Sunday,23039,4725.84,4488.78,3092,803,922,600,System_OK
2025-02-03,Monday,23270,4204.24,4010.4,3115,892,931,738,System_OK
2025-02-04,Tuesday,23205,5110.59,4874.21,2360,1046,928,661,System_OK
2025-02-05,Wednesday,23096,5319.47,5055.72,2108,970,924,575,System_OK
2025-02-06,Thursday,23097,6403.15,6094.19,2492,983,924,532,System_OK
2025-02-07,Friday,23180,3457.46,3307.54,2547,845,927,711,System_OK
2025-02-08,Saturday,23201,6850.64,6529.55,2895,783,928,591,System_OK
2025-02-09,Sunday,23180,5087.95,4841.99,1791,863,927,665,ERR_R8BKVyJqxubERGDlRlY4
2025-02-10,Monday,23196,4810.15,4573.12,3163,884,928,618,System_OK
2025-02-11,Tuesday,23340,4180.5,3987.9,2420,952,934,550,System_OK
2025-02-12,Wednesday,23282,3483.26,3345.14,2309,729,931,650,System_OK
2025-02-13,Thursday,23199,6119.56,5823.17,2047,996,928,515,System_OK
2025-02-14,Friday,23279,5314.78,5073.32,1859,855,931,603,System_OK
2025-02-15,Saturday,23087,3875.37,3710.04,2932,825,923,637,System_OK
2025-02-16,Sunday,23235,3861.85,3704.92,2476,780,929,609,System_OK
2025-02-17,Monday,23381,4905.57,4664.22,1985,735,935,687,System_OK
2025-02-18,Tuesday,23183,7003.76,6669.02,2053,950,927,707,System_OK
2025-02-19,Wednesday,23125,4975.17,4740.41,2362,849,925,693,System_OK
2025-02-20,Thursday,23150,3685.59,3496.86,3190,761,926,510,System_OK
2025-02-21,Friday,23111,4998.34,4754.26,2343,766,924,549,System_OK
2025-02-22,Saturday,23147,4979.8,4727.28,1920,825,926,634,System_OK
2025-02-23,Sunday,23193,2404.34,2303.11,2392,1005,928,734,System_OK
2025-02-24,Monday,23094,5192.64,4945.71,2440,833,924,709,System_OK
2025-02-25,Tuesday,23242,4991.35,4769.07,1481,756,930,711,System_OK
2025-02-26,Wednesday,23335,5978.73,5696.21,2608,839,933,576,System_OK
2025-02-27,Thursday,23159,7188.91,6848.96,2437,855,926,607,System_OK
2025-02-28,Friday,23407,6439.16,6126.57,2795,667,936,618,ERR_4ZJcec4UsbRK1qnBA1jc
2025-03-01,Saturday,23311,4968.13,4731.11,3249,890,932,539,System_OK
2025-03-02,Sunday,23368,4094.38,3893.47,2933,844,935,508,System_OK
2025-03-03,Monday,23204,7959.06,7573.36,2409,923,928,737,System_OK
2025-03-04,Tuesday,23360,5333.73,5059.22,2043,1018,934,560,System_OK
2025-03-05,Wednesday,23171,5261.48,5013.93,3538,948,927,560,ERR_uDBE4ZzQvuaKmuTiqUuE
2025-03-06,Thursday,23374,5215.26,4975.87,2590,825,935,521,System_OK
2025-03-07,Friday,23307,5460.45,5198.08,2455,773,932,732,System_OK
2025-03-08,Saturday,23350,5090.4,4855.64,2547,1093,934,645,System_OK
2025-03-09,Sunday,23182,4662.47,4426.34,2645,875,927,667,System_OK
2025-03-10,Monday,23215,4672.97,4453.14,2436,845,929,728,System_OK
2025-03-11,Tuesday,23370,5209.95,4967.25,2164,876,935,586,System_OK
2025-03-12,Wednesday,23220,4674.69,4456.58,2251,893,929,655,System_OK
2025-03-13,Thursday,23366,4508.69,4287.15,2552,861,935,510,System_OK
2025-03-14,Friday,23188,5360.17,5106.43,2281,780,928,547,System_OK
2025-03-15,Saturday,23415,4975.85,4745.02,2165,820,937,708,System_OK
2025-03-16,Sunday,23212,6845.84,6503.99,2517,876,928,692,System_OK
2025-03-17,Monday,23395,2457.92,2349.03,2440,817,936,588,System_OK
2025-03-18,Tuesday,23408,6396.44,6091.51,3129,798,936,594,System_OK
2025-03-19,Wednesday,23280,6564.91,6246.09,1428,873,931,633,System_OK
2025-03-20,Thursday,23413,3056.63,2926.61,2918,858,937,500,System_OK
2025-03-21,Friday,23386,4894.98,4657.31,2979,975,935,560,System_OK
2025-03-22,Saturday,23311,4849.44,4628.56,1625,653,932,552,System_OK
2025-03-23,Sunday,23269,3780.34,3592.49,2444,942,931,563,ERR_F5epqFL5FZtV3btUra5C
2025-03-24,Monday,23179,4423.66,4222.18,2335,954,927,701,System_OK
2025-03-25,Tuesday,23415,4090.83,3889.42,1998,686,937,570,System_OK
2025-03-26,Wednesday,23229,7100.94,6752.27,2265,845,929,548,System_OK
2025-03-27,Thursday,23400,6241.07,5935.68,2106,838,936,626,System_OK
2025-03-28,Friday,23369,6587.64,6271.56,3179,757,935,716,System_OK
2025-03-29,Saturday,23468,6005.45,5721.67,2894,802,939,560,System_OK
2025-03-30,Sunday,23375,4058.74,3870.95,3007,776,935,520,System_OK
2025-03-31,Monday,23377,4713.96,4475.48,2743,996,935,589,System_OK
2025-04-01,Tuesday,23488,5756.85,5489.37,2065,951,940,687,System_OK
2025-04-02,Wednesday,23454,3956.4,3777.87,2231,966,938,638,System_OK
2025-04-03,Thursday,23457,6005.3,5713.0,2755,899,938,704,System_OK
2025-04-04,Friday,23477,4989.7,4759.67,1988,796,939,740,System_OK
2025-04-05,Saturday,23281,4846.94,4625.18,2795,805,931,698,ERR_nnRGGRt0UJgFVcMCxvfV
2025-04-06,Sunday,23516,5982.07,5710.96,2418,922,941,651,System_OK
2025-04-07,Monday,23506,5711.65,5444.26,2337,754,940,623,System_OK
2025-04-08,Tuesday,23348,4870.16,4639.03,2814,920,934,510,System_OK
2025-04-09,Wednesday,23431,6469.73,6159.33,2654,849,937,746,System_OK
2025-04-10,Thursday,23456,4124.39,3918.94,2399,836,938,596,System_OK
2025-04-11,Friday,23452,5902.0,5615.94,2896,930,938,538,System_OK
2025-04-12,Saturday,23503,5870.85,5593.1,2074,896,940,667,System_OK
2025-04-13,Sunday,23618,4923.0,4690.45,2843,835,945,571,System_OK
2025-04-14,Monday,23588,5597.54,5326.13,2687,931,944,646,ERR_3AL9rSM2m0ND0WOZmHJD
2025-04-15,Tuesday,23354,3949.06,3748.89,2342,772,934,647,ERR_bJresPr94FujKWvm2qix
2025-04-16,Wednesday,23552,6221.49,5924.03,2656,935,942,611,System_OK
2025-04-17,Thursday,23628,5051.16,4815.1,2009,893,945,709,System_OK
2025-04-18,Friday,23539,4691.21,4477.28,2887,835,942,566,System_OK
2025-04-19,Saturday,23614,6337.01,6049.01,2450,903,945,612,ERR_BTODg65zNT17TknuhcB8
2025-04-20,Sunday,23711,4517.1,4295.66,2323,750,948,634,System_OK
2025-04-21,Monday,23617,3776.9,3591.54,2975,925,945,666,System_OK
2025-04-22,Tuesday,23545,3621.31,3443.37,2239,844,942,696,System_OK
2025-04-23,Wednesday,23630,5885.02,5606.01,1925,824,945,599,System_OK
2025-04-24,Thursday,23544,3919.62,3719.57,1911,944,942,662,ERR_Mk56k6UPUEEmnWSPyGG9
2025-04-25,Friday,23537,7087.69,6754.79,2837,816,941,538,System_OK
2025-04-26,Saturday,23505,3073.52,2918.07,1981,743,940,733,System_OK
2025-04-27,Sunday,23701,7030.89,6696.46,3153,739,948,596,ERR_fRyod3dDHAE3FRMZiOhn
2025-04-28,Monday,23468,5465.49,5211.02,1723,906,939,682,System_OK
2025-04-29,Tuesday,23708,5154.38,4903.29,3173,739,948,505,System_OK
2025-04-30,Wednesday,23610,4681.93,4455.08,2476,988,944,551,System_OK
2025-05-01,Thursday,23425,5672.66,5399.14,2504,675,937,622,System_OK
2025-05-02,Friday,23607,5211.29,4962.37,2255,998,944,720,System_OK
2025-05-03,Saturday,23365,6408.09,6103.3,2655,844,935,632,ERR_XYV6nDChlOLzXb2N3nfP
2025-05-04,Sunday,23643,5393.82,5114.23,2502,887,946,732,ERR_9Eqy8FlWmsRVyE6Kyp4L
2025-05-05,Monday,23674,5419.66,5150.3,2951,828,947,621,System_OK
2025-05-06,Tuesday,23531,4875.44,4636.39,2581,881,941,623,ERR_nfyw97QlmJMHfLX9ZNh8
2025-05-07,Wednesday,23607,5191.33,4943.05,2538,852,944,530,System_OK
2025-05-08,Thursday,23795,5583.26,5307.8,2380,955,952,701,System_OK
2025-05-09,Friday,23554,3459.5,3289.83,2464,885,942,562,System_OK
2025-05-10,Saturday,23504,3834.67,3651.81,2660,842,940,725,System_OK
2025-05-11,Sunday,23763,6027.39,5743.26,1847,812,951,728,System_OK
2025-05-12,Monday,23816,5428.6,5170.87,1914,841,953,736,System_OK
2025-05-13,Tuesday,23625,5025.12,4816.02,2852,889,945,630,System_OK
2025-05-14,Wednesday,23731,5271.47,5018.43,2542,727,949,669,System_OK
2025-05-15,Thursday,23769,5610.08,5347.58,2467,746,951,695,System_OK
2025-05-16,Friday,23566,4699.18,4460.24,2526,908,943,533,System_OK
2025-05-17,Saturday,23596,4432.97,4221.7,2731,835,944,650,System_OK
2025-05-18,Sunday,23773,5443.75,5195.85,2273,854,951,509,System_OK
2025-05-19,Monday,23824,4222.21,4021.63,2171,849,953,624,System_OK
2025-05-20,Tuesday,23716,5668.21,5408.25,2577,877,949,539,System_OK
2025-05-21,Wednesday,23577,3467.02,3297.42,2093,805,943,546,System_OK
2025-05-22,Thursday,23869,6333.52,6029.16,2703,794,955,591,System_OK
2025-05-23,Friday,23622,5755.81,5472.6,1738,863,945,608,System_OK
2025-05-24,Saturday,23646,5510.92,5256.03,2859,763,946,656,System_OK
2025-05-25,Sunday,23719,6282.17,5982.69,2636,889,949,519,ERR_veXPw17oE6iQ50yy8Wui
2025-05-26,Monday,23845,6985.1,6665.47,2650,695,954,626,System_OK
2025-05-27,Tuesday,23780,6322.1,6014.37,2979,908,951,546,System_OK
2025-05-28,Wednesday,23741,3322.27,3159.13,3161,869,950,643,ERR_WdCoa1DCtGORJ7vmghBS
2025-05-29,Thursday,23751,3911.4,3720.42,2897,884,950,659,System_OK
2025-05-30,Friday,23714,4593.96,4375.18,1767,947,949,639,System_OK
2025-05-31,Saturday,23771,5281.55,5026.09,2046,983,951,685,System_OK
2025-06-01,Sunday,23467,5809.58,5517.66,2204,914,939,584,System_OK
2025-06-02,Monday,23695,4485.12,4274.26,2522,699,948,691,ERR_7EnYRFX0qIaCY8dwBpl0
2025-06-03,Tuesday,23754,5447.5,5186.77,2756,735,950,608,System_OK
2025-06-04,Wednesday,23620,4445.99,4244.62,2235,788,945,621,System_OK
2025-06-05,Thursday,23779,4599.23,4388.48,2584,866,951,662,System_OK
2025-06-06,Friday,23725,3773.99,3593.34,2248,883,949,505,System_OK
2025-06-07,Saturday,23926,4291.65,4076.77,2120,790,957,663,System_OK
2025-06-08,Sunday,23912,3828.17,3648.32,1971,869,956,655,System_OK
2025-06-09,Monday,23713,4222.97,4024.13,2098,808,949,577,System_OK
2025-06-10,Tuesday,23750,6352.25,6053.64,1868,766,950,521,System_OK
2025-06-11,Wednesday,23763,4247.78,4050.6,2135,733,951,523,System_OK
2025-06-12,Thursday,23730,8016.95,7632.38,2990,745,949,731,System_OK
2025-06-13,Friday,23800,5753.01,5493.32,2113,721,952,672,System_OK
2025-06-14,Saturday,23709,5456.89,5184.84,3601,792,948,532,System_OK
2025-06-15,Sunday,23677,4342.07,4141.64,2778,945,947,589,System_OK
2025-06-16,Monday,23857,5992.55,5700.31,2640,769,954,648,System_OK
2025-06-17,Tuesday,23863,4632.88,4424.36,2239,1069,955,709,System_OK
2025-06-18,Wednesday,23725,5384.8,5122.01,2817,899,949,511,System_OK
2025-06-19,Thursday,23900,7944.81,7560.08,2274,866,956,559,ERR_GamTAf6fGDTIwjYsYBwd
2025-06-20,Friday,23752,5152.98,4903.94,2469,800,950,722,System_OK
2025-06-21,Saturday,23845,6446.8,6149.27,3512,910,954,502,System_OK
2025-06-22,Sunday,23907,4514.16,4296.82,2419,800,956,550,System_OK
2025-06-23,Monday,23827,5201.43,4965.01,3068,828,953,740,System_OK
2025-06-24,Tuesday,23880,7106.81,6770.8,2210,1060,955,653,System_OK
2025-06-25,Wednesday,23788,4601.97,4373.03,2492,834,952,565,System_OK
2025-06-26,Thursday,23825,7161.04,6812.45,3236,951,953,517,System_OK
2025-06-27,Friday,23829,5993.29,5707.75,2251,795,953,507,System_OK
2025-06-28,Saturday,23780,4649.66,4437.53,3310,836,951,561,System_OK
2025-06-29,Sunday,23842,5920.49,5632.41,2752,982,954,720,System_OK
2025-06-30,Monday,23710,6271.37,5972.55,2285,784,948,604,System_OK
2025-07-01,Tuesday,23821,5879.7,5621.81,2716,986,953,680,System_OK
2025-07-02,Wednesday,23847,3609.09,3429.78,2823,897,954,730,System_OK
2025-07-03,Thursday,23854,4486.27,4272.86,2718,781,954,602,System_OK
2025-07-04,Friday,23861,5002.13,4752.48,1870,873,954,548,System_OK
2025-07-05,Saturday,23884,5160.89,4925.57,2188,886,955,629,System_OK
2025-07-06,Sunday,23943,5869.94,5620.67,2366,885,958,727,System_OK
2025-07-07,Monday,23987,5439.38,5177.7,2400,715,959,701,System_OK
2025-07-08,Tuesday,23840,3850.81,3664.66,2744,775,954,516,System_OK
2025-07-09,Wednesday,23790,5632.3,5380.2,2496,803,952,673,System_OK
2025-07-10,Thursday,23811,5881.34,5610.59,2004,808,952,643,System_OK
2025-07-11,Friday,23871,5865.33,5559.79,2656,894,955,727,System_OK
2025-07-12,Saturday,23890,6381.76,6080.78,2671,834,956,531,ERR_zuDBJzHhjV2QX1nN2oq0
2025-07-13,Sunday,23853,6132.93,5833.92,2708,744,954,634,System_OK
2025-07-14,Monday,23805,5725.63,5459.18,2895,861,952,720,System_OK
2025-07-15,Tuesday,23894,5155.43,4929.83,2850,876,956,603,System_OK
2025-07-16,Wednesday,23963,3504.29,3339.04,2751,895,959,620,System_OK
2025-07-17,Thursday,24010,5698.44,5429.62,2378,925,960,518,System_OK
2025-07-18,Friday,23899,5464.07,5207.69,1841,905,956,570,System_OK
2025-07-19,Saturday,23919,5534.01,5271.58,2664,892,957,581,System_OK
2025-07-20,Sunday,23872,3912.05,3723.25,2617,811,955,736,System_OK
2025-07-21,Monday,23967,4113.39,3918.94,2619,707,959,571,System_OK
2025-07-22,Tuesday,23890,6343.17,6053.15,1952,867,956,615,System_OK
2025-07-23,Wednesday,24037,5213.33,4960.44,2052,861,961,668,System_OK
2025-07-24,Thursday,23806,5946.09,5681.5,2881,862,952,541,System_OK
2025-07-25,Friday,23954,5259.23,5028.32,2538,718,958,622,ERR_iHqACKQvYxgHVlwoG4mw
2025-07-26,Saturday,24025,5288.63,5029.76,2774,739,961,685,System_OK
2025-07-27,Sunday,24018,6240.27,5938.28,2606,901,961,717,System_OK
2025-07-28,Monday,24274,4707.58,4483.96,2509,833,971,657,System_OK
2025-07-29,Tuesday,24045,5336.98,5096.12,2840,881,962,667,System_OK
2025-07-30,Wednesday,23915,4757.53,4537.72,2218,859,957,532,System_OK
2025-07-31,Thursday,24010,4791.15,4565.5,2448,830,960,736,System_OK
2025-08-01,Friday,23847,4909.41,4690.83,2236,908,954,533,System_OK
2025-08-02,Saturday,24022,5475.85,5222.13,2340,781,961,694,System_OK
2025-08-03,Sunday,23952,4753.83,4521.25,2402,806,958,566,ERR_x7ru1jxNUuyZ746wvdH3
2025-08-04,Monday,24132,6582.81,6255.76,2510,791,965,733,System_OK
2025-08-05,Tuesday,23990,4306.47,4105.39,2353,812,960,680,System_OK
2025-08-06,Wednesday,24038,5061.34,4813.13,2978,806,962,688,System_OK
2025-08-07,Thursday,23991,4769.14,4560.27,2149,841,960,555,System_OK
2025-08-08,Friday,24234,6775.92,6446.98,2506,800,969,611,System_OK
2025-08-09,Saturday,24033,5448.34,5196.55,2369,932,961,654,System_OK
2025-08-10,Sunday,24253,6336.51,6031.84,3065,755,970,692,System_OK
2025-08-11,Monday,24156,3687.68,3514.44,2534,819,966,526,System_OK
2025-08-12,Tuesday,24128,5543.6,5267.05,2805,806,965,741,System_OK
2025-08-13,Wednesday,24122,6175.37,5889.63,1870,947,965,723,System_OK
2025-08-14,Thursday,24129,5342.68,5082.28,2596,838,965,568,System_OK
2025-08-15,Friday,23902,6365.95,6065.48,2806,881,956,706,System_OK
2025-08-16,Saturday,24072,4705.27,4482.71,2526,704,963,630,System_OK
2025-08-17,Sunday,24190,6727.97,6409.35,2930,857,968,615,ERR_AVx9Rs6h2RUb8DDWMSFa
2025-08-18,Monday,24105,7655.38,7298.9,2282,895,964,579,System_OK
2025-08-19,Tuesday,23974,4868.88,4637.16,3031,839,959,645,System_OK
2025-08-20,Wednesday,24115,4781.59,4554.5,3428,913,965,682,System_OK
2025-08-21,Thursday,24295,6778.46,6453.38,2377,804,972,603,System_OK
2025-08-22,Friday,24255,6909.4,6579.57,2267,929,970,657,System_OK
2025-08-23,Saturday,24129,4708.98,4477.14,3152,1024,965,675,System_OK
2025-08-24,Sunday,24235,4818.04,4579.81,3127,821,969,678,System_OK
2025-08-25,Monday,24108,4943.62,4718.22,2292,791,964,513,System_OK
2025-08-26,Tuesday,23980,3847.02,3655.55,2367,959,959,715,System_OK
2025-08-27,Wednesday,24063,4273.56,4081.35,2399,951,963,615,System_OK
2025-08-28,Thursday,24316,4201.53,3995.86,2010,803,973,566,System_OK
2025-08-29,Friday,24138,4450.01,4232.2,2147,791,966,560,System_OK
2025-08-30,Saturday,24146,5194.47,4965.32,2068,802,966,621,System_OK
2025-08-31,Sunday,24145,5496.86,5234.21,2211,729,966,722,System_OK
2025-09-01,Monday,24370,6873.35,6550.5,2429,775,975,595,System_OK
2025-09-02,Tuesday,24348,4194.14,4001.65,2599,751,974,687,System_OK
2025-09-03,Wednesday,24412,6297.05,5984.32,3119,766,976,524,System_OK
2025-09-04,Thursday,24179,5018.77,4786.01,2090,813,967,619,System_OK
2025-09-05,Friday,24230,5190.0,4950.54,2887,845,969,748,ERR_uxLcNE9OK8bbMWPRHPtG
2025-09-06,Saturday,24053,5959.32,5674.82,2320,945,962,693,System_OK
2025-09-07,Sunday,24358,4078.0,3877.28,2453,760,974,553,System_OK
2025-09-08,Monday,24098,5650.11,5382.41,2775,893,964,625,System_OK
2025-09-09,Tuesday,24242,5436.43,5166.45,2059,810,970,558,System_OK
2025-09-10,Wednesday,24115,5772.38,5492.45,2602,827,965,602,System_OK
2025-09-11,Thursday,24171,5531.85,5289.17,2630,895,967,695,System_OK
2025-09-12,Friday,24151,7822.78,7455.3,2654,736,966,693,System_OK
2025-09-13,Saturday,24179,4574.75,4362.26,2664,847,967,557,System_OK
2025-09-14,Sunday,24191,4697.24,4469.0,3503,840,968,731,System_OK
2025-09-15,Monday,24195,4569.45,4376.86,2213,854,968,648,System_OK
2025-09-16,Tuesday,24338,4692.24,4444.52,2376,867,974,595,System_OK
2025-09-17,Wednesday,24150,4586.05,4362.61,2191,1041,966,625,System_OK
2025-09-18,Thursday,24287,6499.96,6189.02,2324,760,971,651,System_OK
2025-09-19,Friday,24392,6753.35,6420.5,2295,801,976,640,System_OK
2025-09-20,Saturday,24224,4674.16,4429.25,2942,764,969,622,System_OK
2025-09-21,Sunday,24208,4384.74,4167.64,3138,778,968,626,System_OK
2025-09-22,Monday,24262,5754.48,5471.42,2259,792,970,544,System_OK
2025-09-23,Tuesday,24408,4671.48,4447.78,2181,910,976,703,System_OK
2025-09-24,Wednesday,24314,5913.16,5632.93,2702,953,973,635,ERR_9QqKtcKzoYVhmVcaiEO1
2025-09-25,Thursday,24247,5458.31,5202.92,2272,774,970,533,System_OK
2025-09-26,Friday,24353,3650.21,3484.26,2794,756,974,692,System_OK
2025-09-27,Saturday,24200,6868.01,6547.51,2621,866,968,733,System_OK
2025-09-28,Sunday,24383,7122.16,6795.88,1806,780,975,737,System_OK
2025-09-29,Monday,24361,4605.81,4387.21,3184,882,974,592,System_OK
2025-09-30,Tuesday,24294,4826.06,4612.3,3135,843,972,534,System_OK
2025-10-01,Wednesday,24246,5552.07,5285.87,2307,689,970,630,System_OK
2025-10-02,Thursday,24246,5600.82,5334.46,2401,978,970,528,System_OK
2025-10-03,Friday,24393,5942.94,5658.54,2560,955,976,733,System_OK
2025-10-04,Saturday,24468,7355.49,7010.2,2613,798,979,546,System_OK
2025-10-05,Sunday,24286,5094.98,4823.05,2708,791,971,563,System_OK
2025-10-06,Monday,24401,4425.39,4201.7,3293,839,976,602,System_OK
2025-10-07,Tuesday,24151,3789.26,3620.68,2414,834,966,596,System_OK
2025-10-08,Wednesday,24307,4484.85,4269.07,2220,851,972,699,System_OK
2025-10-09,Thursday,24367,5209.14,4966.87,2014,976,975,614,System_OK
2025-10-10,Friday,24284,7124.15,6794.56,2277,818,971,543,System_OK
2025-10-11,Saturday,24286,4693.11,4482.39,2459,776,971,567,System_OK
2025-10-12,Sunday,24318,5489.3,5223.79,3207,728,973,627,System_OK
2025-10-13,Monday,24419,5225.95,4983.58,2209,764,977,537,System_OK
2025-10-14,Tuesday,24376,6507.49,6188.39,2549,813,975,653,System_OK
2025-10-15,Wednesday,24176,7913.22,7526.93,2542,965,967,641,System_OK
2025-10-16,Thursday,24193,4706.33,4469.13,3056,764,968,679,System_OK
2025-10-17,Friday,24349,4727.57,4510.56,3449,814,974,734,System_OK
2025-10-18,Saturday,24461,6351.12,6044.16,2258,823,978,728,System_OK
2025-10-19,Sunday,24145,5972.31,5681.89,2303,930,966,737,System_OK
2025-10-20,Monday,24375,7184.3,6846.71,2932,1017,975,561,System_OK
2025-10-21,Tuesday,24377,5855.4,5583.93,2732,751,975,533,System_OK
2025-10-22,Wednesday,24574,4888.84,4640.71,3260,782,983,576,System_OK
2025-10-23,Thursday,24401,5872.46,5590.65,2710,909,976,724,System_OK
2025-10-24,Friday,24483,6420.5,6108.7,2356,877,979,743,System_OK
2025-10-25,Saturday,24464,6103.29,5820.48,2764,980,979,715,ERR_YFkVLxIsfN1SR9PIdGm3
2025-10-26,Sunday,24242,5770.45,5507.27,2944,867,970,528,System_OK
2025-10-27,Monday,24537,6364.32,6066.67,2806,785,981,737,System_OK
2025-10-28,Tuesday,24487,6476.52,6169.3,2697,855,979,606,System_OK
2025-10-29,Wednesday,24521,6690.63,6382.16,2922,906,981,502,System_OK
2025-10-30,Thursday,24868,5931.05,5648.71,2949,896,995,611,System_OK
2025-10-31,Friday,24272,5057.64,4832.88,3040,871,971,512,System_OK
2025-11-01,Saturday,24657,5392.85,5146.71,2839,914,986,636,System_OK
2025-11-02,Sunday,24461,6523.54,6206.51,2461,914,978,585,ERR_tBwVcPxQNftkF7AuRVXm
2025-11-03,Monday,24524,4398.26,4183.06,2544,932,981,618,System_OK
2025-11-04,Tuesday,24495,5633.19,5368.67,3017,882,980,653,System_OK
2025-11-05,Wednesday,24463,4826.81,4606.66,2157,810,979,717,System_OK
2025-11-06,Thursday,24453,5269.91,5028.74,2706,844,978,665,System_OK
2025-11-07,Friday,24548,6588.64,6278.45,2361,913,982,609,System_OK
2025-11-08,Saturday,24368,5457.1,5191.1,2506,765,975,705,System_OK
2025-11-09,Sunday,24600,5308.04,5046.44,3034,857,984,726,System_OK
2025-11-10,Monday,24488,3817.18,3640.14,2498,803,980,530,System_OK
2025-11-11,Tuesday,24422,6022.04,5746.25,2462,804,977,633,System_OK
2025-11-12,Wednesday,24495,5930.44,5645.48,1896,930,980,571,System_OK
2025-11-13,Thursday,24671,7513.18,7163.25,2806,811,987,512,System_OK
2025-11-14,Friday,24496,4921.65,4692.22,2845,795,980,667,System_OK
2025-11-15,Saturday,24591,5493.36,5219.15,3477,699,984,716,System_OK
2025-11-16,Sunday,24487,5520.12,5249.38,2409,888,979,541,System_OK
2025-11-17,Monday,24641,6907.91,6577.45,2613,878,986,703,System_OK
2025-11-18,Tuesday,24639,5137.22,4904.7,2510,998,986,713,System_OK
2025-11-19,Wednesday,24760,5545.08,5279.02,3104,799,990,729,System_OK
2025-11-20,Thursday,24562,5898.92,5607.9,2422,838,982,566,System_OK
2025-11-21,Friday,24652,5442.18,5186.61,2581,824,986,726,System_OK
2025-11-22,Saturday,24600,4794.75,4553.57,2735,946,984,580,System_OK
2025-11-23,Sunday,24725,5466.72,5194.09,2551,801,989,638,System_OK
2025-11-24,Monday,24528,6393.95,6073.63,2222,850,981,513,System_OK
2025-11-25,Tuesday,24680,4175.21,3973.48,2615,865,987,511,System_OK
2025-11-26,Wednesday,24591,5395.49,5132.97,2876,822,984,680,System_OK
2025-11-27,Thursday,24609,4529.01,4299.88,2101,743,984,611,System_OK
2025-11-28,Friday,24629,6509.27,6195.05,2657,835,985,564,System_OK
2025-11-29,Saturday,24650,3645.64,3476.81,2174,887,986,548,System_OK
2025-11-30,Sunday,24618,4658.64,4441.08,2852,744,985,667,System_OK
2025-12-01,Monday,24656,5648.46,5377.21,1876,851,986,500,System_OK
2025-12-02,Tuesday,24798,6880.89,6565.52,2331,739,992,701,System_OK
2025-12-03,Wednesday,24744,5179.53,4934.25,2749,887,990,520,System_OK
2025-12-04,Thursday,24737,4678.01,4444.8,3065,697,989,548,System_OK
2025-12-05,Friday,24609,7203.3,6881.16,2499,795,984,597,ERR_3OdJV3qUJfpCJLKV94Vj
2025-12-06,Saturday,24571,3744.93,3551.99,2255,871,983,621,System_OK
2025-12-07,Sunday,24761,2952.47,2801.19,3247,935,990,589,System_OK
2025-12-08,Monday,24758,5707.42,5440.01,2053,814,990,580,System_OK
2025-12-09,Tuesday,24822,4728.27,4497.95,1545,769,993,741,System_OK
2025-12-10,Wednesday,24620,4177.74,3978.77,2689,974,985,660,System_OK
2025-12-11,Thursday,24662,6006.07,5708.36,2323,709,986,506,System_OK
2025-12-12,Friday,24526,5515.82,5243.8,2146,616,981,608,System_OK
2025-12-13,Saturday,24656,4643.72,4435.92,2788,842,986,719,System_OK
2025-12-14,Sunday,24800,3911.55,3719.7,2613,781,992,575,System_OK
2025-12-15,Monday,24658,6164.02,5872.46,2255,753,986,524,System_OK
2025-12-16,Tuesday,24774,5933.54,5650.2,2001,864,991,690,System_OK
2025-12-17,Wednesday,24696,5138.59,4900.82,2832,810,988,652,System_OK
2025-12-18,Thursday,24752,7206.45,6846.64,2791,758,990,643,ERR_cVlJGJGEuAAh3K9Fzblv
2025-12-19,Friday,24610,4136.81,3929.92,2442,719,984,513,System_OK
2025-12-20,Saturday,24739,3640.8,3474.47,3258,882,990,535,System_OK
2025-12-21,Sunday,24436,4510.15,4308.09,2071,870,977,656,System_OK
2025-12-22,Monday,24721,5198.27,4954.41,1946,796,989,552,System_OK
2025-12-23,Tuesday,24582,5509.86,5243.34,2221,947,983,626,System_OK
2025-12-24,Wednesday,24871,4999.1,4758.76,2393,730,995,636,System_OK
2025-12-25,Thursday,24833,5632.19,5352.06,2660,691,993,571,System_OK
2025-12-26,Friday,24807,3943.78,3748.46,2358,776,992,737,ERR_3qh6SAZrAvpbercA1qpf
2025-12-27,Saturday,24917,6775.65,6443.76,2608,795,997,711,System_OK
2025-12-28,Sunday,24675,5167.01,4917.85,1970,834,987,681,System_OK
2025-12-29,Monday,24950,6409.27,6117.3,3146,776,998,519,System_OK
2025-12-30,Tuesday,24873,5607.9,5342.73,2360,830,995,527,System_OK
2025-12-31,Wednesday,24761,5740.19,5456.75,3104,700,990,623,System_OK
2026-01-01,Thursday,24904,5847.74,5569.77,2690,950,996,540,System_OK
2026-01-02,Friday,24684,5725.12,5447.71,2694,781,987,745,System_OK
2026-01-03,Saturday,24718,5921.67,5642.72,2725,921,989,540,System_OK
2026-01-04,Sunday,24744,6635.31,6329.15,2693,864,990,622,System_OK
2026-01-05,Monday,24757,5455.12,5196.52,2783,846,990,591,System_OK
2026-01-06,Tuesday,24709,5997.54,5709.0,3064,859,988,660,System_OK
2026-01-07,Wednesday,24942,5149.22,4910.26,2606,841,998,532,System_OK
2026-01-08,Thursday,24799,6759.76,6440.12,2788,867,992,608,System_OK
2026-01-09,Friday,24865,4530.4,4323.61,2454,923,995,569,System_OK
2026-01-10,Saturday,24778,7152.18,6800.94,3068,808,991,722,System_OK
2026-01-11,Sunday,24658,5204.89,4959.84,2220,882,986,510,System_OK
2026-01-12,Monday,24872,3762.22,3569.22,3277,810,995,728,System_OK
2026-01-13,Tuesday,24659,5399.8,5128.1,2514,914,986,708,System_OK
2026-01-14,Wednesday,24848,4534.09,4318.95,1781,739,994,574,System_OK
2026-01-15,Thursday,24723,6122.6,5840.64,2584,963,989,697,System_OK
2026-01-16,Friday,25064,4543.88,4347.38,2237,811,1003,508,System_OK
2026-01-17,Saturday,24961,4766.79,4553.82,2835,666,998,742,System_OK
2026-01-18,Sunday,24886,3252.24,3110.46,2220,824,995,632,System_OK
2026-01-19,Monday,25006,4788.86,4547.69,2378,759,1000,576,System_OK
2026-01-20,Tuesday,24800,2706.09,2576.12,1792,885,992,591,System_OK
2026-01-21,Wednesday,24944,3590.8,3416.1,2280,755,998,517,System_OK
2026-01-22,Thursday,24915,6026.24,5760.41,1551,769,997,747,System_OK
2026-01-23,Friday,24926,6063.11,5785.8,1818,676,997,510,System_OK
2026-01-24,Saturday,25032,5705.6,5425.46,2735,778,1001,664,System_OK
2026-01-25,Sunday,24983,4237.55,4033.02,2783,646,999,611,System_OK
2026-01-26,Monday,24944,5198.43,4952.29,2713,656,998,737,System_OK
2026-01-27,Tuesday,24755,5251.87,4996.4,2161,851,990,561,System_OK
2026-01-28,Wednesday,24829,4050.08,3841.64,2507,838,993,633,System_OK
2026-01-29,Thursday,24918,6826.36,6503.4,2535,851,997,621,System_OK
2026-01-30,Friday,24944,6171.92,5877.36,2062,729,998,676,System_OK
2026-01-31,Saturday,24827,5019.92,4779.04,3069,822,993,517,System_OK
2026-02-01,Sunday,25186,5302.15,5026.89,2873,804,1007,548,System_OK
2026-02-02,Monday,25102,5447.81,5208.38,2452,699,1004,554,ERR_7sXUbn0FPFBVMNPUNmlh
2026-02-03,Tuesday,25015,3113.01,2958.27,2548,912,1001,685,System_OK
2026-02-04,Wednesday,24967,4989.31,4752.82,2643,856,999,547,System_OK
2026-02-05,Thursday,24944,4539.59,4318.02,1719,799,998,643,System_OK
2026-02-06,Friday,24875,4191.73,3998.38,2419,789,995,554,System_OK
2026-02-07,Saturday,24983,4954.35,4718.9,2281,830,999,715,ERR_WYAi2MagzgZghpcSjXgu
2026-02-08,Sunday,25006,7144.68,6797.69,2098,624,1000,736,System_OK
2026-02-09,Monday,24861,5954.02,5640.84,2343,780,994,630,System_OK
2026-02-10,Tuesday,25023,4658.34,4428.82,3211,773,1001,588,System_OK
2026-02-11,Wednesday,24979,5842.73,5572.58,2719,723,999,559,System_OK
